TimeStamp (sec)," Horizontal (meters)"," Cadence (stokes/min)"," HRCur (bpm)"," Stroke500mPace (sec/500m)"," Power (watts)"," DriveLength (meters)"," StrokeDistance (meters)"," drivetime"," DragFactor"," StrokeRecoveryTime (ms)"," WorkPerStroke (joules)"," AverageDriveForce (lbs)"," PeakDriveForce (lbs)"," Speed (m/sec)"," lapIdx"," ElapsedTime (sec)"," Calories (kCal)"," WorkoutState"," latitude"," longitude"," bearing",nowindpace,Equiv erg Power,power (model),averageforce (model),drivelength (model),vwind,winddirection,vstream
1463751686.962390,5.400000,0.000000,127.000000,262.890000,19.000000,0.770000,1.830000,0.000000,0.000000,1580.000000,0.000000,23.000000,47.000000,1.905000,0.000000,2.800000,0.000000,0.000000,0.000000,0.000000,0.000000,0.000000,0.000000,0.000000,0.000000,0.000000,0.000000,0.000000,0.000000
1463751690.200540,13.100000,19.000000,127.000000,239.410000,26.000000,1.360000,6.520000,0.000000,0.000000,1750.000000,82.105263,42.400000,67.400000,2.092000,0.000000,6.060000,0.000000,0.000000,0.000000,0.000000,0.000000,0.000000,0.000000,0.000000,0.000000,0.000000,0.000000,0.000000,0.000000
1463751693.110680,21.000000,20.000000,128.000000,199.120000,45.000000,1.300000,7.440000,0.000000,0.000000,1750.000000,135.000000,43.900000,69.800000,2.517000,0.000000,8.930000,0.000000,0.000000,0.000000,0.000000,0.000000,0.000000,0.000000,0.000000,0.000000,0.000000,0.000000,0.000000,0.000000
1463751696.231390,30.300000,20.000000,129.000000,176.450000,64.000000,1.300000,8.320000,0.000000,0.000000,1870.000000,192.000000,45.200000,72.500000,2.841000,0.000000,12.080000,1.000000,0.000000,0.000000,0.000000,0.000000,0.000000,0.000000,0.000000,0.000000,0.000000,0.000000,0.000000,0.000000
1463751699.114570,39.000000,20.000000,130.000000,168.510000,74.000000,1.270000,8.800000,0.000000,0.000000,1790.000000,222.000000,46.500000,72.800000,2.975000,0.000000,14.950000,1.000000,0.000000,0.000000,0.000000,0.000000,0.000000,0.000000,0.000000,0.000000,0.000000,0.000000,0.000000,0.000000
1463751702.110660,48.200000,21.000000,131.000000,163.970000,80.000000,1.300000,8.800000,0.000000,0.000000,1890.000000,228.571429,45.400000,72.700000,3.058000,0.000000,17.930000,2.000000,0.000000,0.000000,0.000000,0.000000,0.000000,0.000000,0.000000,0.000000,0.000000,0.000000,0.000000,0.000000
1463751705.111300,57.600000,20.000000,131.000000,162.090000,83.000000,1.330000,9.160000,0.000000,0.000000,1900.000000,249.000000,49.800000,79.800000,3.094000,0.000000,20.920000,2.000000,0.000000,0.000000,0.000000,0.000000,0.000000,0.000000,0.000000,0.000000,0.000000,0.000000,0.000000,0.000000
1463751707.870640,66.400000,20.000000,132.000000,159.770000,87.000000,1.270000,9.220000,0.000000,0.000000,1900.000000,261.000000,48.200000,75.300000,3.139000,0.000000,23.720000,3.000000,0.000000,0.000000,0.000000,0.000000,0.000000,0.000000,0.000000,0.000000,0.000000,0.000000,0.000000,0.000000
1463751710.781400,75.500000,21.000000,132.000000,160.140000,86.000000,1.300000,9.150000,0.000000,0.000000,1860.000000,245.714286,48.400000,75.900000,3.131000,0.000000,26.630000,3.000000,0.000000,0.000000,0.000000,0.000000,0.000000,0.000000,0.000000,0.000000,0.000000,0.000000,0.000000,0.000000
1463751713.904900,85.100000,20.000000,132.000000,158.980000,88.000000,1.330000,9.290000,0.000000,0.000000,1810.000000,264.000000,52.800000,85.800000,3.154000,0.000000,29.620000,4.000000,0.000000,0.000000,0.000000,0.000000,0.000000,0.000000,0.000000,0.000000,0.000000,0.000000,0.000000,0.000000
1463751716.602060,95.000000,21.000000,132.000000,152.480000,100.000000,1.390000,9.360000,0.000000,0.000000,1780.000000,285.714286,73.000000,119.600000,3.289000,0.000000,32.450000,4.000000,0.000000,0.000000,0.000000,0.000000,0.000000,0.000000,0.000000,0.000000,0.000000,0.000000,0.000000,0.000000
1463751719.332390,105.000000,22.000000,133.000000,140.880000,127.000000,1.420000,9.920000,0.000000,0.000000,1780.000000,346.363636,70.600000,117.200000,3.561000,0.000000,35.190000,5.000000,0.000000,0.000000,0.000000,0.000000,0.000000,0.000000,0.000000,0.000000,0.000000,0.000000,0.000000,0.000000
1463751722.150660,115.300000,21.000000,134.000000,137.940000,135.000000,1.390000,10.280000,0.000000,0.000000,1840.000000,385.714286,70.300000,119.100000,3.637000,0.000000,38.010000,5.000000,0.000000,0.000000,0.000000,0.000000,0.000000,0.000000,0.000000,0.000000,0.000000,0.000000,0.000000,0.000000
1463751724.970690,125.800000,21.000000,135.000000,136.530000,139.000000,1.390000,10.280000,0.000000,0.000000,1820.000000,397.142857,76.000000,136.900000,3.675000,0.000000,40.820000,6.000000,0.000000,0.000000,0.000000,0.000000,0.000000,0.000000,0.000000,0.000000,0.000000,0.000000,0.000000,0.000000
1463751727.851380,136.600000,21.000000,136.000000,134.220000,146.000000,1.390000,10.490000,0.000000,0.000000,1810.000000,417.142857,75.400000,129.500000,3.739000,0.000000,43.700000,6.000000,0.000000,0.000000,0.000000,0.000000,0.000000,0.000000,0.000000,0.000000,0.000000,0.000000,0.000000,0.000000
1463751730.641290,147.200000,22.000000,137.000000,133.170000,150.000000,1.420000,10.490000,0.000000,0.000000,1830.000000,409.090909,76.900000,135.300000,3.768000,0.000000,46.500000,7.000000,0.000000,0.000000,0.000000,0.000000,0.000000,0.000000,0.000000,0.000000,0.000000,0.000000,0.000000,0.000000
1463751733.431530,157.600000,22.000000,139.000000,132.440000,152.000000,1.360000,10.490000,0.000000,0.000000,1850.000000,414.545455,71.800000,120.300000,3.789000,0.000000,49.290000,7.000000,0.000000,0.000000,0.000000,0.000000,0.000000,0.000000,0.000000,0.000000,0.000000,0.000000,0.000000,0.000000
1463751736.161400,167.800000,21.000000,140.000000,134.470000,146.000000,1.360000,10.410000,0.000000,0.000000,1760.000000,417.142857,74.800000,132.100000,3.732000,0.000000,51.990000,8.000000,0.000000,0.000000,0.000000,0.000000,0.000000,0.000000,0.000000,0.000000,0.000000,0.000000,0.000000,0.000000
1463751738.925470,178.500000,22.000000,140.000000,133.240000,150.000000,1.390000,10.190000,0.000000,0.000000,1860.000000,409.090909,81.000000,144.800000,3.766000,0.000000,54.790000,9.000000,0.000000,0.000000,0.000000,0.000000,0.000000,0.000000,0.000000,0.000000,0.000000,0.000000,0.000000,0.000000
1463751741.620730,188.500000,21.000000,141.000000,131.750000,155.000000,1.360000,10.630000,0.000000,0.000000,1860.000000,442.857143,72.100000,123.900000,3.809000,0.000000,57.470000,9.000000,0.000000,0.000000,0.000000,0.000000,0.000000,0.000000,0.000000,0.000000,0.000000,0.000000,0.000000,0.000000
1463751744.501190,199.300000,21.000000,141.000000,133.860000,148.000000,1.390000,10.480000,0.000000,0.000000,1810.000000,422.857143,76.000000,132.000000,3.749000,0.000000,60.330000,10.000000,0.000000,0.000000,0.000000,0.000000,0.000000,0.000000,0.000000,0.000000,0.000000,0.000000,0.000000,0.000000
1463751747.232180,209.400000,22.000000,142.000000,132.890000,151.000000,1.360000,10.340000,0.000000,0.000000,1750.000000,411.818182,75.900000,132.200000,3.776000,0.000000,63.010000,11.000000,0.000000,0.000000,0.000000,0.000000,0.000000,0.000000,0.000000,0.000000,0.000000,0.000000,0.000000,0.000000
1463751749.810740,219.400000,22.000000,142.000000,132.840000,151.000000,1.360000,10.140000,0.000000,0.000000,1750.000000,411.818182,73.700000,120.800000,3.777000,0.000000,65.660000,11.000000,0.000000,0.000000,0.000000,0.000000,0.000000,0.000000,0.000000,0.000000,0.000000,0.000000,0.000000,0.000000
1463751752.691940,230.200000,22.000000,143.000000,133.710000,148.000000,1.360000,10.340000,0.000000,0.000000,1840.000000,403.636364,74.800000,129.100000,3.753000,0.000000,68.550000,12.000000,0.000000,0.000000,0.000000,0.000000,0.000000,0.000000,0.000000,0.000000,0.000000,0.000000,0.000000,0.000000
1463751755.360790,240.200000,22.000000,144.000000,134.000000,147.000000,1.360000,10.420000,0.000000,0.000000,1710.000000,400.909091,75.700000,128.700000,3.745000,0.000000,71.210000,12.000000,0.000000,0.000000,0.000000,0.000000,0.000000,0.000000,0.000000,0.000000,0.000000,0.000000,0.000000,0.000000
1463751758.000750,250.100000,23.000000,145.000000,133.100000,150.000000,1.330000,9.930000,0.000000,0.000000,1710.000000,391.304348,74.800000,134.200000,3.770000,0.000000,73.840000,13.000000,0.000000,0.000000,0.000000,0.000000,0.000000,0.000000,0.000000,0.000000,0.000000,0.000000,0.000000,0.000000
1463751760.461640,259.600000,23.000000,145.000000,132.670000,152.000000,1.330000,9.920000,0.000000,0.000000,1710.000000,396.521739,76.600000,132.200000,3.782000,0.000000,76.330000,13.000000,0.000000,0.000000,0.000000,0.000000,0.000000,0.000000,0.000000,0.000000,0.000000,0.000000,0.000000,0.000000
1463751763.311460,270.300000,23.000000,145.000000,132.420000,152.000000,1.330000,9.920000,0.000000,0.000000,1800.000000,396.521739,73.200000,127.300000,3.789000,0.000000,79.170000,14.000000,0.000000,0.000000,0.000000,0.000000,0.000000,0.000000,0.000000,0.000000,0.000000,0.000000,0.000000,0.000000
1463751766.041460,280.600000,22.000000,145.000000,133.290000,149.000000,1.360000,10.270000,0.000000,0.000000,1810.000000,406.363636,76.800000,135.100000,3.765000,0.000000,81.910000,15.000000,0.000000,0.000000,0.000000,0.000000,0.000000,0.000000,0.000000,0.000000,0.000000,0.000000,0.000000,0.000000
1463751768.715280,290.700000,22.000000,144.000000,133.160000,150.000000,1.330000,10.270000,0.000000,0.000000,1740.000000,409.090909,74.700000,133.400000,3.768000,0.000000,84.580000,15.000000,0.000000,0.000000,0.000000,0.000000,0.000000,0.000000,0.000000,0.000000,0.000000,0.000000,0.000000,0.000000
1463751771.414740,300.800000,23.000000,145.000000,133.330000,149.000000,1.330000,9.990000,0.000000,0.000000,1780.000000,388.695652,76.800000,133.700000,3.764000,0.000000,87.270000,16.000000,0.000000,0.000000,0.000000,0.000000,0.000000,0.000000,0.000000,0.000000,0.000000,0.000000,0.000000,0.000000
1463751774.145020,311.100000,22.000000,145.000000,132.500000,152.000000,1.360000,10.270000,0.000000,0.000000,1760.000000,414.545455,80.400000,148.700000,3.787000,0.000000,89.950000,17.000000,0.000000,0.000000,0.000000,0.000000,0.000000,0.000000,0.000000,0.000000,0.000000,0.000000,0.000000,0.000000
1463751776.751800,321.200000,22.000000,145.000000,131.220000,157.000000,1.330000,10.200000,0.000000,0.000000,1760.000000,428.181818,75.700000,132.300000,3.824000,0.000000,92.620000,17.000000,0.000000,0.000000,0.000000,0.000000,0.000000,0.000000,0.000000,0.000000,0.000000,0.000000,0.000000,0.000000
1463751779.634280,331.900000,21.000000,145.000000,133.060000,150.000000,1.360000,10.550000,0.000000,0.000000,1800.000000,428.571429,76.500000,137.600000,3.771000,0.000000,95.460000,18.000000,0.000000,0.000000,0.000000,0.000000,0.000000,0.000000,0.000000,0.000000,0.000000,0.000000,0.000000,0.000000
1463751782.301250,342.000000,22.000000,146.000000,132.830000,151.000000,1.360000,10.340000,0.000000,0.000000,1750.000000,411.818182,75.300000,130.200000,3.778000,0.000000,98.150000,18.000000,0.000000,0.000000,0.000000,0.000000,0.000000,0.000000,0.000000,0.000000,0.000000,0.000000,0.000000,0.000000
1463751785.030880,352.400000,22.000000,146.000000,132.860000,151.000000,1.360000,10.130000,0.000000,0.000000,1800.000000,411.818182,76.700000,133.100000,3.777000,0.000000,100.880000,19.000000,0.000000,0.000000,0.000000,0.000000,0.000000,0.000000,0.000000,0.000000,0.000000,0.000000,0.000000,0.000000
1463751787.825010,363.000000,22.000000,146.000000,132.140000,153.000000,1.360000,10.340000,0.000000,0.000000,1850.000000,417.272727,78.000000,139.700000,3.798000,0.000000,103.660000,20.000000,0.000000,0.000000,0.000000,0.000000,0.000000,0.000000,0.000000,0.000000,0.000000,0.000000,0.000000,0.000000
1463751790.580890,373.400000,22.000000,147.000000,132.410000,152.000000,1.360000,10.550000,0.000000,0.000000,1820.000000,414.545455,78.100000,133.200000,3.790000,0.000000,106.410000,20.000000,0.000000,0.000000,0.000000,0.000000,0.000000,0.000000,0.000000,0.000000,0.000000,0.000000,0.000000,0.000000
1463751793.341550,383.900000,22.000000,147.000000,132.260000,153.000000,1.390000,10.490000,0.000000,0.000000,1820.000000,417.272727,75.900000,139.200000,3.794000,0.000000,109.180000,21.000000,0.000000,0.000000,0.000000,0.000000,0.000000,0.000000,0.000000,0.000000,0.000000,0.000000,0.000000,0.000000
1463751796.191590,394.600000,22.000000,147.000000,132.680000,152.000000,1.360000,10.420000,0.000000,0.000000,1910.000000,414.545455,75.100000,129.100000,3.782000,0.000000,112.050000,21.000000,0.000000,0.000000,0.000000,0.000000,0.000000,0.000000,0.000000,0.000000,0.000000,0.000000,0.000000,0.000000
1463751798.925540,405.000000,21.000000,147.000000,133.540000,149.000000,1.390000,10.770000,0.000000,0.000000,1800.000000,425.714286,78.800000,141.100000,3.758000,0.000000,114.780000,22.000000,0.000000,0.000000,0.000000,0.000000,0.000000,0.000000,0.000000,0.000000,0.000000,0.000000,0.000000,0.000000
1463751801.654880,415.300000,22.000000,148.000000,132.570000,152.000000,1.360000,10.340000,0.000000,0.000000,1790.000000,414.545455,75.100000,131.800000,3.785000,0.000000,117.500000,23.000000,0.000000,0.000000,0.000000,0.000000,0.000000,0.000000,0.000000,0.000000,0.000000,0.000000,0.000000,0.000000
1463751804.590910,426.000000,22.000000,148.000000,132.950000,151.000000,1.360000,10.270000,0.000000,0.000000,1900.000000,411.818182,77.200000,132.800000,3.774000,0.000000,120.330000,23.000000,0.000000,0.000000,0.000000,0.000000,0.000000,0.000000,0.000000,0.000000,0.000000,0.000000,0.000000,0.000000
1463751807.291600,436.500000,21.000000,148.000000,133.310000,149.000000,1.390000,10.760000,0.000000,0.000000,1840.000000,425.714286,73.300000,128.700000,3.764000,0.000000,123.160000,24.000000,0.000000,0.000000,0.000000,0.000000,0.000000,0.000000,0.000000,0.000000,0.000000,0.000000,0.000000,0.000000
1463751810.111350,446.900000,22.000000,148.000000,133.530000,149.000000,1.360000,10.420000,0.000000,0.000000,1800.000000,406.363636,82.200000,141.000000,3.758000,0.000000,125.870000,25.000000,0.000000,0.000000,0.000000,0.000000,0.000000,0.000000,0.000000,0.000000,0.000000,0.000000,0.000000,0.000000
1463751812.630960,456.900000,22.000000,149.000000,131.280000,156.000000,1.390000,10.490000,0.000000,0.000000,1800.000000,425.454545,76.300000,143.200000,3.823000,0.000000,128.470000,25.000000,0.000000,0.000000,0.000000,0.000000,0.000000,0.000000,0.000000,0.000000,0.000000,0.000000,0.000000,0.000000
1463751815.453310,467.600000,22.000000,149.000000,131.600000,155.000000,1.360000,10.260000,0.000000,0.000000,1790.000000,422.727273,76.900000,140.500000,3.813000,0.000000,131.310000,26.000000,0.000000,0.000000,0.000000,0.000000,0.000000,0.000000,0.000000,0.000000,0.000000,0.000000,0.000000,0.000000
1463751818.331640,478.500000,22.000000,150.000000,131.520000,156.000000,1.420000,10.480000,0.000000,0.000000,1920.000000,425.454545,79.100000,141.400000,3.816000,0.000000,134.170000,26.000000,0.000000,0.000000,0.000000,0.000000,0.000000,0.000000,0.000000,0.000000,0.000000,0.000000,0.000000,0.000000
1463751821.151620,489.000000,21.000000,150.000000,131.860000,154.000000,1.360000,10.840000,0.000000,0.000000,1840.000000,440.000000,74.000000,129.400000,3.806000,0.000000,136.960000,27.000000,0.000000,0.000000,0.000000,0.000000,0.000000,0.000000,0.000000,0.000000,0.000000,0.000000,0.000000,0.000000
1463751823.761250,499.100000,21.000000,150.000000,133.600000,148.000000,1.390000,10.490000,0.000000,0.000000,1840.000000,422.857143,75.900000,138.400000,3.756000,0.000000,139.600000,28.000000,0.000000,0.000000,0.000000,0.000000,0.000000,0.000000,0.000000,0.000000,0.000000,0.000000,0.000000,0.000000
1463751826.671140,510.000000,22.000000,150.000000,132.900000,151.000000,1.360000,10.430000,0.000000,0.000000,1840.000000,411.818182,79.100000,139.600000,3.776000,0.000000,142.510000,28.000000,0.000000,0.000000,0.000000,0.000000,0.000000,0.000000,0.000000,0.000000,0.000000,0.000000,0.000000,0.000000
1463751829.280980,519.900000,22.000000,149.000000,132.300000,153.000000,1.330000,10.410000,0.000000,0.000000,1840.000000,417.272727,79.000000,150.800000,3.793000,0.000000,145.100000,29.000000,0.000000,0.000000,0.000000,0.000000,0.000000,0.000000,0.000000,0.000000,0.000000,0.000000,0.000000,0.000000
1463751832.161890,530.600000,22.000000,149.000000,132.750000,151.000000,1.330000,10.340000,0.000000,0.000000,1820.000000,411.818182,74.000000,127.600000,3.780000,0.000000,147.970000,30.000000,0.000000,0.000000,0.000000,0.000000,0.000000,0.000000,0.000000,0.000000,0.000000,0.000000,0.000000,0.000000
1463751834.831680,540.800000,22.000000,149.000000,133.770000,148.000000,1.330000,10.280000,0.000000,0.000000,1790.000000,403.636364,78.100000,137.300000,3.751000,0.000000,150.680000,30.000000,0.000000,0.000000,0.000000,0.000000,0.000000,0.000000,0.000000,0.000000,0.000000,0.000000,0.000000,0.000000
1463751837.534880,550.800000,22.000000,148.000000,133.470000,149.000000,1.330000,10.220000,0.000000,0.000000,1740.000000,406.363636,69.900000,123.100000,3.760000,0.000000,153.350000,31.000000,0.000000,0.000000,0.000000,0.000000,0.000000,0.000000,0.000000,0.000000,0.000000,0.000000,0.000000,0.000000
1463751840.174800,560.800000,22.000000,148.000000,134.810000,144.000000,1.360000,9.990000,0.000000,0.000000,1740.000000,392.727273,76.000000,129.100000,3.722000,0.000000,156.030000,31.000000,0.000000,0.000000,0.000000,0.000000,0.000000,0.000000,0.000000,0.000000,0.000000,0.000000,0.000000,0.000000
1463751842.875280,571.000000,22.000000,147.000000,133.390000,149.000000,1.360000,10.060000,0.000000,0.000000,1750.000000,406.363636,74.900000,137.200000,3.762000,0.000000,158.720000,32.000000,0.000000,0.000000,0.000000,0.000000,0.000000,0.000000,0.000000,0.000000,0.000000,0.000000,0.000000,0.000000
1463751845.421740,580.700000,22.000000,147.000000,133.050000,150.000000,1.360000,10.130000,0.000000,0.000000,1750.000000,409.090909,74.300000,136.500000,3.772000,0.000000,161.280000,33.000000,0.000000,0.000000,0.000000,0.000000,0.000000,0.000000,0.000000,0.000000,0.000000,0.000000,0.000000,0.000000
1463751848.211750,591.200000,22.000000,147.000000,132.910000,151.000000,1.360000,10.140000,0.000000,0.000000,1730.000000,411.818182,73.100000,126.800000,3.776000,0.000000,164.070000,33.000000,0.000000,0.000000,0.000000,0.000000,0.000000,0.000000,0.000000,0.000000,0.000000,0.000000,0.000000,0.000000
1463751850.912320,601.400000,22.000000,147.000000,133.040000,150.000000,1.390000,10.130000,0.000000,0.000000,1740.000000,409.090909,76.200000,138.000000,3.772000,0.000000,166.760000,34.000000,0.000000,0.000000,0.000000,0.000000,0.000000,0.000000,0.000000,0.000000,0.000000,0.000000,0.000000,0.000000
1463751853.582260,611.400000,23.000000,147.000000,132.150000,153.000000,1.330000,10.060000,0.000000,0.000000,1740.000000,399.130435,73.000000,123.900000,3.797000,0.000000,169.410000,34.000000,0.000000,0.000000,0.000000,0.000000,0.000000,0.000000,0.000000,0.000000,0.000000,0.000000,0.000000,0.000000
1463751856.341190,621.800000,23.000000,147.000000,132.800000,151.000000,1.360000,10.070000,0.000000,0.000000,1810.000000,393.913043,79.300000,132.700000,3.779000,0.000000,172.150000,35.000000,0.000000,0.000000,0.000000,0.000000,0.000000,0.000000,0.000000,0.000000,0.000000,0.000000,0.000000,0.000000
1463751859.011810,632.100000,22.000000,147.000000,131.730000,155.000000,1.330000,10.350000,0.000000,0.000000,1790.000000,422.727273,78.800000,131.000000,3.810000,0.000000,174.850000,36.000000,0.000000,0.000000,0.000000,0.000000,0.000000,0.000000,0.000000,0.000000,0.000000,0.000000,0.000000,0.000000
1463751861.681830,642.300000,22.000000,147.000000,131.930000,154.000000,1.360000,10.340000,0.000000,0.000000,1750.000000,420.000000,78.500000,136.600000,3.804000,0.000000,177.520000,36.000000,0.000000,0.000000,0.000000,0.000000,0.000000,0.000000,0.000000,0.000000,0.000000,0.000000,0.000000,0.000000
1463751864.261360,652.000000,23.000000,148.000000,131.020000,157.000000,1.330000,10.130000,0.000000,0.000000,1750.000000,409.565217,82.300000,139.500000,3.830000,0.000000,180.020000,37.000000,0.000000,0.000000,0.000000,0.000000,0.000000,0.000000,0.000000,0.000000,0.000000,0.000000,0.000000,0.000000
1463751867.141210,662.700000,23.000000,148.000000,129.700000,162.000000,1.360000,10.190000,0.000000,0.000000,1760.000000,422.608696,80.400000,136.500000,3.869000,0.000000,182.810000,38.000000,0.000000,0.000000,0.000000,0.000000,0.000000,0.000000,0.000000,0.000000,0.000000,0.000000,0.000000,0.000000
1463751869.632370,673.100000,23.000000,148.000000,129.620000,163.000000,1.330000,10.270000,0.000000,0.000000,1780.000000,425.217391,81.500000,139.800000,3.872000,0.000000,185.490000,38.000000,0.000000,0.000000,0.000000,0.000000,0.000000,0.000000,0.000000,0.000000,0.000000,0.000000,0.000000,0.000000
1463751872.391660,683.600000,22.000000,149.000000,129.530000,163.000000,1.360000,10.420000,0.000000,0.000000,1780.000000,444.545455,81.000000,139.900000,3.874000,0.000000,188.190000,39.000000,0.000000,0.000000,0.000000,0.000000,0.000000,0.000000,0.000000,0.000000,0.000000,0.000000,0.000000,0.000000
1463751875.005180,693.800000,22.000000,149.000000,129.720000,162.000000,1.330000,10.330000,0.000000,0.000000,1770.000000,441.818182,82.300000,140.900000,3.869000,0.000000,190.840000,39.000000,0.000000,0.000000,0.000000,0.000000,0.000000,0.000000,0.000000,0.000000,0.000000,0.000000,0.000000,0.000000
1463751877.551460,703.800000,22.000000,149.000000,129.240000,164.000000,1.360000,10.410000,0.000000,0.000000,1770.000000,447.272727,79.900000,142.600000,3.883000,0.000000,193.380000,40.000000,0.000000,0.000000,0.000000,0.000000,0.000000,0.000000,0.000000,0.000000,0.000000,0.000000,0.000000,0.000000
1463751880.375190,714.700000,23.000000,150.000000,129.720000,162.000000,1.300000,10.190000,0.000000,0.000000,1830.000000,422.608696,83.500000,144.100000,3.869000,0.000000,196.210000,41.000000,0.000000,0.000000,0.000000,0.000000,0.000000,0.000000,0.000000,0.000000,0.000000,0.000000,0.000000,0.000000
1463751883.041260,724.900000,22.000000,150.000000,129.660000,162.000000,1.360000,10.620000,0.000000,0.000000,1740.000000,441.818182,77.900000,132.400000,3.871000,0.000000,198.870000,41.000000,0.000000,0.000000,0.000000,0.000000,0.000000,0.000000,0.000000,0.000000,0.000000,0.000000,0.000000,0.000000
1463751885.746150,735.200000,23.000000,151.000000,130.600000,159.000000,1.360000,10.200000,0.000000,0.000000,1760.000000,414.782609,77.500000,139.300000,3.842000,0.000000,201.550000,42.000000,0.000000,0.000000,0.000000,0.000000,0.000000,0.000000,0.000000,0.000000,0.000000,0.000000,0.000000,0.000000
1463751888.413100,745.400000,22.000000,151.000000,130.730000,158.000000,1.360000,10.280000,0.000000,0.000000,1740.000000,430.909091,82.600000,147.900000,3.839000,0.000000,204.200000,43.000000,0.000000,0.000000,0.000000,0.000000,0.000000,0.000000,0.000000,0.000000,0.000000,0.000000,0.000000,0.000000
1463751891.111790,756.000000,23.000000,151.000000,129.160000,164.000000,1.360000,10.280000,0.000000,0.000000,1810.000000,427.826087,81.500000,142.000000,3.886000,0.000000,206.920000,43.000000,0.000000,0.000000,0.000000,0.000000,0.000000,0.000000,0.000000,0.000000,0.000000,0.000000,0.000000,0.000000
1463751893.752110,766.300000,22.000000,150.000000,129.430000,163.000000,1.360000,10.560000,0.000000,0.000000,1750.000000,444.545455,77.900000,136.600000,3.877000,0.000000,209.590000,44.000000,0.000000,0.000000,0.000000,0.000000,0.000000,0.000000,0.000000,0.000000,0.000000,0.000000,0.000000,0.000000
1463751896.392140,776.500000,22.000000,150.000000,130.050000,161.000000,1.390000,10.350000,0.000000,0.000000,1710.000000,439.090909,78.600000,139.700000,3.859000,0.000000,212.220000,45.000000,0.000000,0.000000,0.000000,0.000000,0.000000,0.000000,0.000000,0.000000,0.000000,0.000000,0.000000,0.000000
1463751899.032090,786.900000,23.000000,150.000000,129.530000,163.000000,1.360000,10.130000,0.000000,0.000000,1750.000000,425.217391,81.300000,145.700000,3.875000,0.000000,214.890000,45.000000,0.000000,0.000000,0.000000,0.000000,0.000000,0.000000,0.000000,0.000000,0.000000,0.000000,0.000000,0.000000
1463751901.705180,797.200000,22.000000,150.000000,129.080000,165.000000,1.390000,10.420000,0.000000,0.000000,1730.000000,450.000000,79.600000,144.000000,3.888000,0.000000,217.550000,46.000000,0.000000,0.000000,0.000000,0.000000,0.000000,0.000000,0.000000,0.000000,0.000000,0.000000,0.000000,0.000000
1463751904.405090,807.800000,23.000000,150.000000,128.800000,166.000000,1.390000,10.340000,0.000000,0.000000,1770.000000,433.043478,80.800000,139.100000,3.896000,0.000000,220.250000,46.000000,0.000000,0.000000,0.000000,0.000000,0.000000,0.000000,0.000000,0.000000,0.000000,0.000000,0.000000,0.000000
1463751907.102000,818.200000,23.000000,150.000000,128.680000,166.000000,1.330000,10.340000,0.000000,0.000000,1820.000000,433.043478,85.100000,145.400000,3.900000,0.000000,222.930000,47.000000,0.000000,0.000000,0.000000,0.000000,0.000000,0.000000,0.000000,0.000000,0.000000,0.000000,0.000000,0.000000
1463751909.651880,828.400000,22.000000,150.000000,128.240000,168.000000,1.390000,10.690000,0.000000,0.000000,1820.000000,458.181818,84.000000,147.000000,3.914000,0.000000,225.500000,48.000000,0.000000,0.000000,0.000000,0.000000,0.000000,0.000000,0.000000,0.000000,0.000000,0.000000,0.000000,0.000000
1463751912.441920,839.200000,23.000000,150.000000,127.930000,169.000000,1.360000,10.400000,0.000000,0.000000,1770.000000,440.869565,79.700000,144.000000,3.923000,0.000000,228.290000,48.000000,0.000000,0.000000,0.000000,0.000000,0.000000,0.000000,0.000000,0.000000,0.000000,0.000000,0.000000,0.000000
1463751915.082000,849.600000,23.000000,151.000000,128.830000,166.000000,1.300000,10.260000,0.000000,0.000000,1780.000000,433.043478,88.800000,158.700000,3.896000,0.000000,230.940000,49.000000,0.000000,0.000000,0.000000,0.000000,0.000000,0.000000,0.000000,0.000000,0.000000,0.000000,0.000000,0.000000
1463751917.755250,860.100000,22.000000,151.000000,127.250000,172.000000,1.360000,10.560000,0.000000,0.000000,1780.000000,469.090909,85.600000,154.700000,3.944000,0.000000,233.590000,50.000000,0.000000,0.000000,0.000000,0.000000,0.000000,0.000000,0.000000,0.000000,0.000000,0.000000,0.000000,0.000000
1463751920.331340,870.300000,22.000000,152.000000,127.250000,172.000000,1.360000,10.560000,0.000000,0.000000,1780.000000,469.090909,81.900000,141.000000,3.944000,0.000000,236.170000,50.000000,0.000000,0.000000,0.000000,0.000000,0.000000,0.000000,0.000000,0.000000,0.000000,0.000000,0.000000,0.000000
1463751923.121350,881.100000,22.000000,152.000000,128.020000,169.000000,1.360000,10.490000,0.000000,0.000000,1780.000000,460.909091,82.600000,142.200000,3.920000,0.000000,238.950000,51.000000,0.000000,0.000000,0.000000,0.000000,0.000000,0.000000,0.000000,0.000000,0.000000,0.000000,0.000000,0.000000
1463751925.851970,891.700000,23.000000,152.000000,128.470000,167.000000,1.330000,10.410000,0.000000,0.000000,1850.000000,435.652174,81.500000,134.000000,3.906000,0.000000,241.690000,52.000000,0.000000,0.000000,0.000000,0.000000,0.000000,0.000000,0.000000,0.000000,0.000000,0.000000,0.000000,0.000000
1463751928.521330,902.100000,22.000000,152.000000,129.310000,164.000000,1.330000,10.630000,0.000000,0.000000,1850.000000,447.272727,85.000000,148.500000,3.881000,0.000000,244.360000,52.000000,0.000000,0.000000,0.000000,0.000000,0.000000,0.000000,0.000000,0.000000,0.000000,0.000000,0.000000,0.000000
1463751931.432150,913.100000,22.000000,152.000000,129.970000,161.000000,1.330000,10.750000,0.000000,0.000000,1870.000000,439.090909,80.800000,142.400000,3.861000,0.000000,247.240000,53.000000,0.000000,0.000000,0.000000,0.000000,0.000000,0.000000,0.000000,0.000000,0.000000,0.000000,0.000000,0.000000
1463751934.222250,923.900000,22.000000,153.000000,130.900000,158.000000,1.360000,10.690000,0.000000,0.000000,1880.000000,430.909091,82.100000,139.900000,3.834000,0.000000,250.040000,54.000000,0.000000,0.000000,0.000000,0.000000,0.000000,0.000000,0.000000,0.000000,0.000000,0.000000,0.000000,0.000000
1463751937.041980,934.600000,21.000000,154.000000,130.750000,158.000000,1.390000,10.830000,0.000000,0.000000,1890.000000,451.428571,76.400000,137.200000,3.838000,0.000000,252.870000,54.000000,0.000000,0.000000,0.000000,0.000000,0.000000,0.000000,0.000000,0.000000,0.000000,0.000000,0.000000,0.000000
1463751939.861950,945.400000,21.000000,154.000000,132.000000,154.000000,1.360000,10.680000,0.000000,0.000000,1900.000000,440.000000,81.500000,138.300000,3.802000,0.000000,255.690000,55.000000,0.000000,0.000000,0.000000,0.000000,0.000000,0.000000,0.000000,0.000000,0.000000,0.000000,0.000000,0.000000
1463751942.652370,956.000000,21.000000,155.000000,131.820000,155.000000,1.360000,10.760000,0.000000,0.000000,1870.000000,442.857143,78.900000,130.300000,3.807000,0.000000,258.490000,56.000000,0.000000,0.000000,0.000000,0.000000,0.000000,0.000000,0.000000,0.000000,0.000000,0.000000,0.000000,0.000000
1463751945.531330,966.700000,21.000000,155.000000,132.610000,152.000000,1.360000,10.620000,0.000000,0.000000,1890.000000,434.285714,74.900000,122.800000,3.784000,0.000000,261.320000,56.000000,0.000000,0.000000,0.000000,0.000000,0.000000,0.000000,0.000000,0.000000,0.000000,0.000000,0.000000,0.000000
1463751948.292060,977.400000,21.000000,156.000000,133.010000,150.000000,1.330000,10.560000,0.000000,0.000000,1890.000000,428.571429,85.500000,153.300000,3.773000,0.000000,264.120000,57.000000,0.000000,0.000000,0.000000,0.000000,0.000000,0.000000,0.000000,0.000000,0.000000,0.000000,0.000000,0.000000
1463751951.111950,988.100000,21.000000,156.000000,131.080000,157.000000,1.360000,10.780000,0.000000,0.000000,1900.000000,448.571429,80.400000,143.200000,3.828000,0.000000,266.940000,58.000000,0.000000,0.000000,0.000000,0.000000,0.000000,0.000000,0.000000,0.000000,0.000000,0.000000,0.000000,0.000000
1463751953.932050,998.800000,21.000000,156.000000,131.610000,155.000000,1.360000,10.780000,0.000000,0.000000,1890.000000,442.857143,78.700000,146.200000,3.813000,0.000000,269.760000,58.000000,0.000000,0.000000,0.000000,0.000000,0.000000,0.000000,0.000000,0.000000,0.000000,0.000000,0.000000,0.000000
1463751956.842300,1009.600000,21.000000,156.000000,132.750000,151.000000,1.360000,10.700000,0.000000,0.000000,1930.000000,431.428571,76.000000,127.500000,3.780000,0.000000,272.640000,59.000000,0.000000,0.000000,0.000000,0.000000,0.000000,0.000000,0.000000,0.000000,0.000000,0.000000,0.000000,0.000000
1463751959.752080,1020.600000,21.000000,156.000000,133.890000,147.000000,1.360000,10.770000,0.000000,0.000000,2000.000000,420.000000,78.100000,131.100000,3.748000,0.000000,275.580000,59.000000,0.000000,0.000000,0.000000,0.000000,0.000000,0.000000,0.000000,0.000000,0.000000,0.000000,0.000000,0.000000
1463751962.692050,1031.500000,20.000000,156.000000,134.570000,145.000000,1.390000,11.050000,0.000000,0.000000,1950.000000,435.000000,76.100000,133.000000,3.729000,0.000000,278.490000,60.000000,0.000000,0.000000,0.000000,0.000000,0.000000,0.000000,0.000000,0.000000,0.000000,0.000000,0.000000,0.000000
1463751965.632000,1042.500000,21.000000,156.000000,134.790000,144.000000,1.360000,10.780000,0.000000,0.000000,2000.000000,411.428571,78.500000,147.800000,3.723000,0.000000,281.450000,61.000000,0.000000,0.000000,0.000000,0.000000,0.000000,0.000000,0.000000,0.000000,0.000000,0.000000,0.000000,0.000000
1463751968.512120,1053.300000,20.000000,155.000000,134.740000,145.000000,1.360000,10.970000,0.000000,0.000000,1950.000000,435.000000,80.200000,142.500000,3.724000,0.000000,284.340000,61.000000,0.000000,0.000000,0.000000,0.000000,0.000000,0.000000,0.000000,0.000000,0.000000,0.000000,0.000000,0.000000
1463751971.421320,1064.100000,21.000000,155.000000,133.930000,147.000000,1.390000,10.900000,0.000000,0.000000,1950.000000,420.000000,77.500000,132.800000,3.747000,0.000000,287.240000,62.000000,0.000000,0.000000,0.000000,0.000000,0.000000,0.000000,0.000000,0.000000,0.000000,0.000000,0.000000,0.000000
1463751974.451370,1075.300000,20.000000,155.000000,135.480000,142.000000,1.330000,11.130000,0.000000,0.000000,2060.000000,426.000000,74.300000,119.400000,3.704000,0.000000,290.290000,63.000000,0.000000,0.000000,0.000000,0.000000,0.000000,0.000000,0.000000,0.000000,0.000000,0.000000,0.000000,0.000000
1463751977.391710,1086.100000,20.000000,155.000000,137.540000,136.000000,1.330000,11.060000,0.000000,0.000000,2090.000000,408.000000,80.200000,136.200000,3.648000,0.000000,293.220000,63.000000,0.000000,0.000000,0.000000,0.000000,0.000000,0.000000,0.000000,0.000000,0.000000,0.000000,0.000000,0.000000
1463751980.482040,1097.500000,21.000000,155.000000,135.900000,141.000000,1.330000,10.780000,0.000000,0.000000,2060.000000,402.857143,83.400000,139.700000,3.692000,0.000000,296.310000,64.000000,0.000000,0.000000,0.000000,0.000000,0.000000,0.000000,0.000000,0.000000,0.000000,0.000000,0.000000,0.000000
1463751983.422020,1108.500000,20.000000,155.000000,134.400000,146.000000,1.360000,11.190000,0.000000,0.000000,2010.000000,438.000000,78.000000,134.600000,3.733000,0.000000,299.270000,65.000000,0.000000,0.000000,0.000000,0.000000,0.000000,0.000000,0.000000,0.000000,0.000000,0.000000,0.000000,0.000000
1463751986.301270,1119.200000,20.000000,155.000000,135.340000,143.000000,1.360000,10.980000,0.000000,0.000000,2010.000000,429.000000,78.100000,137.100000,3.707000,0.000000,302.130000,65.000000,0.000000,0.000000,0.000000,0.000000,0.000000,0.000000,0.000000,0.000000,0.000000,0.000000,0.000000,0.000000
1463751989.421920,1130.600000,20.000000,155.000000,135.350000,143.000000,1.360000,10.990000,0.000000,0.000000,2050.000000,429.000000,79.500000,135.400000,3.707000,0.000000,305.240000,66.000000,0.000000,0.000000,0.000000,0.000000,0.000000,0.000000,0.000000,0.000000,0.000000,0.000000,0.000000,0.000000
1463751992.363980,1141.300000,20.000000,155.000000,135.340000,143.000000,1.330000,11.050000,0.000000,0.000000,1960.000000,429.000000,78.700000,138.300000,3.707000,0.000000,308.120000,67.000000,0.000000,0.000000,0.000000,0.000000,0.000000,0.000000,0.000000,0.000000,0.000000,0.000000,0.000000,0.000000
1463751995.301950,1152.400000,21.000000,155.000000,135.460000,142.000000,1.330000,10.690000,0.000000,0.000000,2070.000000,405.714286,77.000000,131.400000,3.704000,0.000000,311.130000,67.000000,0.000000,0.000000,0.000000,0.000000,0.000000,0.000000,0.000000,0.000000,0.000000,0.000000,0.000000,0.000000
1463751998.271840,1163.300000,20.000000,155.000000,136.710000,138.000000,1.330000,11.040000,0.000000,0.000000,2030.000000,414.000000,78.800000,138.700000,3.670000,0.000000,314.090000,68.000000,0.000000,0.000000,0.000000,0.000000,0.000000,0.000000,0.000000,0.000000,0.000000,0.000000,0.000000,0.000000
1463752001.061310,1173.800000,20.000000,154.000000,136.000000,141.000000,1.360000,10.980000,0.000000,0.000000,2030.000000,423.000000,81.200000,146.700000,3.690000,0.000000,316.890000,69.000000,0.000000,0.000000,0.000000,0.000000,0.000000,0.000000,0.000000,0.000000,0.000000,0.000000,0.000000,0.000000
1463752004.002340,1184.800000,21.000000,154.000000,134.280000,146.000000,1.360000,10.830000,0.000000,0.000000,1960.000000,417.142857,80.100000,141.300000,3.737000,0.000000,319.820000,69.000000,0.000000,0.000000,0.000000,0.000000,0.000000,0.000000,0.000000,0.000000,0.000000,0.000000,0.000000,0.000000
1463752007.001880,1195.800000,21.000000,153.000000,134.320000,146.000000,1.330000,10.900000,0.000000,0.000000,1960.000000,417.142857,76.100000,130.800000,3.736000,0.000000,322.820000,70.000000,0.000000,0.000000,0.000000,0.000000,0.000000,0.000000,0.000000,0.000000,0.000000,0.000000,0.000000,0.000000
1463752009.942020,1206.600000,21.000000,152.000000,135.750000,141.000000,1.360000,10.760000,0.000000,0.000000,1960.000000,402.857143,76.000000,134.000000,3.696000,0.000000,325.730000,70.000000,0.000000,0.000000,0.000000,0.000000,0.000000,0.000000,0.000000,0.000000,0.000000,0.000000,0.000000,0.000000
1463752012.911980,1217.300000,21.000000,153.000000,135.860000,141.000000,1.360000,10.760000,0.000000,0.000000,1950.000000,402.857143,74.500000,138.600000,3.693000,0.000000,328.640000,71.000000,0.000000,0.000000,0.000000,0.000000,0.000000,0.000000,0.000000,0.000000,0.000000,0.000000,0.000000,0.000000
1463752015.671980,1227.800000,21.000000,152.000000,136.310000,140.000000,1.360000,10.700000,0.000000,0.000000,1910.000000,400.000000,74.900000,134.900000,3.681000,0.000000,331.500000,72.000000,0.000000,0.000000,0.000000,0.000000,0.000000,0.000000,0.000000,0.000000,0.000000,0.000000,0.000000,0.000000
1463752018.552100,1238.700000,21.000000,152.000000,135.400000,143.000000,1.360000,10.550000,0.000000,0.000000,1940.000000,408.571429,83.900000,150.000000,3.706000,0.000000,334.380000,72.000000,0.000000,0.000000,0.000000,0.000000,0.000000,0.000000,0.000000,0.000000,0.000000,0.000000,0.000000,0.000000
1463752021.465510,1249.500000,21.000000,151.000000,133.470000,149.000000,1.330000,10.760000,0.000000,0.000000,1980.000000,425.714286,73.800000,133.900000,3.759000,0.000000,337.310000,73.000000,0.000000,0.000000,0.000000,0.000000,0.000000,0.000000,0.000000,0.000000,0.000000,0.000000,0.000000,0.000000
1463752024.371340,1260.100000,20.000000,151.000000,135.950000,141.000000,1.360000,10.840000,0.000000,0.000000,1950.000000,423.000000,75.700000,145.700000,3.691000,0.000000,340.190000,74.000000,0.000000,0.000000,0.000000,0.000000,0.000000,0.000000,0.000000,0.000000,0.000000,0.000000,0.000000,0.000000
1463752027.285800,1270.900000,21.000000,151.000000,135.780000,141.000000,1.360000,10.700000,0.000000,0.000000,1950.000000,402.857143,79.000000,133.700000,3.695000,0.000000,343.090000,74.000000,0.000000,0.000000,0.000000,0.000000,0.000000,0.000000,0.000000,0.000000,0.000000,0.000000,0.000000,0.000000
1463752030.192060,1281.800000,21.000000,150.000000,134.690000,145.000000,1.330000,10.700000,0.000000,0.000000,2000.000000,414.285714,77.600000,133.200000,3.725000,0.000000,346.010000,75.000000,0.000000,0.000000,0.000000,0.000000,0.000000,0.000000,0.000000,0.000000,0.000000,0.000000,0.000000,0.000000
1463752033.161350,1292.700000,20.000000,151.000000,135.520000,142.000000,1.360000,10.900000,0.000000,0.000000,2000.000000,426.000000,76.900000,138.000000,3.703000,0.000000,348.980000,76.000000,0.000000,0.000000,0.000000,0.000000,0.000000,0.000000,0.000000,0.000000,0.000000,0.000000,0.000000,0.000000
1463752036.042320,1303.400000,20.000000,151.000000,135.890000,141.000000,1.390000,10.970000,0.000000,0.000000,1950.000000,423.000000,74.600000,128.700000,3.692000,0.000000,351.880000,76.000000,0.000000,0.000000,0.000000,0.000000,0.000000,0.000000,0.000000,0.000000,0.000000,0.000000,0.000000,0.000000
1463752038.952050,1314.300000,21.000000,151.000000,135.790000,141.000000,1.360000,10.700000,0.000000,0.000000,1960.000000,402.857143,80.500000,134.400000,3.695000,0.000000,354.780000,77.000000,0.000000,0.000000,0.000000,0.000000,0.000000,0.000000,0.000000,0.000000,0.000000,0.000000,0.000000,0.000000
1463752041.922070,1325.200000,21.000000,151.000000,134.320000,146.000000,1.330000,10.760000,0.000000,0.000000,2030.000000,417.142857,77.600000,140.200000,3.736000,0.000000,357.740000,78.000000,0.000000,0.000000,0.000000,0.000000,0.000000,0.000000,0.000000,0.000000,0.000000,0.000000,0.000000,0.000000
1463752044.832120,1336.100000,20.000000,152.000000,135.280000,143.000000,1.360000,11.030000,0.000000,0.000000,1950.000000,429.000000,78.300000,136.700000,3.709000,0.000000,360.650000,78.000000,0.000000,0.000000,0.000000,0.000000,0.000000,0.000000,0.000000,0.000000,0.000000,0.000000,0.000000,0.000000
1463752047.745360,1346.900000,21.000000,152.000000,134.820000,144.000000,1.390000,10.840000,0.000000,0.000000,1980.000000,411.428571,75.500000,137.300000,3.722000,0.000000,363.570000,79.000000,0.000000,0.000000,0.000000,0.000000,0.000000,0.000000,0.000000,0.000000,0.000000,0.000000,0.000000,0.000000
1463752050.651300,1357.400000,20.000000,152.000000,135.800000,141.000000,1.360000,10.840000,0.000000,0.000000,1900.000000,423.000000,72.100000,123.700000,3.695000,0.000000,366.430000,79.000000,0.000000,0.000000,0.000000,0.000000,0.000000,0.000000,0.000000,0.000000,0.000000,0.000000,0.000000,0.000000
1463752053.501960,1368.100000,21.000000,152.000000,136.800000,138.000000,1.330000,10.420000,0.000000,0.000000,1960.000000,394.285714,77.000000,132.700000,3.668000,0.000000,369.340000,80.000000,0.000000,0.000000,0.000000,0.000000,0.000000,0.000000,0.000000,0.000000,0.000000,0.000000,0.000000,0.000000
1463752056.412110,1379.000000,20.000000,152.000000,135.590000,142.000000,1.390000,10.830000,0.000000,0.000000,1930.000000,426.000000,79.200000,137.200000,3.701000,0.000000,372.250000,81.000000,0.000000,0.000000,0.000000,0.000000,0.000000,0.000000,0.000000,0.000000,0.000000,0.000000,0.000000,0.000000
1463752059.291470,1389.500000,21.000000,153.000000,134.690000,145.000000,1.300000,10.620000,0.000000,0.000000,1960.000000,414.285714,72.700000,127.200000,3.725000,0.000000,375.110000,81.000000,0.000000,0.000000,0.000000,0.000000,0.000000,0.000000,0.000000,0.000000,0.000000,0.000000,0.000000,0.000000
1463752062.111350,1399.900000,21.000000,152.000000,136.990000,138.000000,1.330000,10.620000,0.000000,0.000000,1960.000000,394.285714,76.300000,127.900000,3.663000,0.000000,377.940000,82.000000,0.000000,0.000000,0.000000,0.000000,0.000000,0.000000,0.000000,0.000000,0.000000,0.000000,0.000000,0.000000
1463752065.051270,1410.700000,20.000000,152.000000,136.700000,139.000000,1.390000,10.900000,0.000000,0.000000,1990.000000,417.000000,74.400000,133.800000,3.670000,0.000000,380.870000,83.000000,0.000000,0.000000,0.000000,0.000000,0.000000,0.000000,0.000000,0.000000,0.000000,0.000000,0.000000,0.000000
1463752068.112990,1422.000000,20.000000,152.000000,136.450000,139.000000,1.390000,10.770000,0.000000,0.000000,1990.000000,417.000000,75.300000,131.300000,3.677000,0.000000,383.950000,83.000000,0.000000,0.000000,0.000000,0.000000,0.000000,0.000000,0.000000,0.000000,0.000000,0.000000,0.000000,0.000000
1463752070.992140,1432.800000,20.000000,151.000000,135.880000,141.000000,1.360000,10.850000,0.000000,0.000000,1940.000000,423.000000,80.900000,140.300000,3.693000,0.000000,386.830000,84.000000,0.000000,0.000000,0.000000,0.000000,0.000000,0.000000,0.000000,0.000000,0.000000,0.000000,0.000000,0.000000
1463752073.961240,1443.600000,21.000000,151.000000,134.410000,146.000000,1.360000,10.760000,0.000000,0.000000,1970.000000,417.142857,75.400000,128.000000,3.733000,0.000000,389.750000,85.000000,0.000000,0.000000,0.000000,0.000000,0.000000,0.000000,0.000000,0.000000,0.000000,0.000000,0.000000,0.000000
1463752076.842750,1454.400000,20.000000,152.000000,135.310000,143.000000,1.390000,10.900000,0.000000,0.000000,1950.000000,429.000000,76.400000,137.500000,3.708000,0.000000,392.670000,85.000000,0.000000,0.000000,0.000000,0.000000,0.000000,0.000000,0.000000,0.000000,0.000000,0.000000,0.000000,0.000000
1463752079.751790,1465.100000,21.000000,151.000000,135.130000,143.000000,1.300000,10.620000,0.000000,0.000000,1960.000000,408.571429,80.700000,136.600000,3.713000,0.000000,395.540000,86.000000,0.000000,0.000000,0.000000,0.000000,0.000000,0.000000,0.000000,0.000000,0.000000,0.000000,0.000000,0.000000
1463752082.602150,1475.900000,21.000000,152.000000,134.540000,145.000000,1.330000,10.760000,0.000000,0.000000,1930.000000,414.285714,82.000000,144.300000,3.730000,0.000000,398.410000,86.000000,0.000000,0.000000,0.000000,0.000000,0.000000,0.000000,0.000000,0.000000,0.000000,0.000000,0.000000,0.000000
1463752085.455160,1486.600000,21.000000,152.000000,133.680000,148.000000,1.330000,10.700000,0.000000,0.000000,1970.000000,422.857143,76.400000,132.000000,3.754000,0.000000,401.290000,87.000000,0.000000,0.000000,0.000000,0.000000,0.000000,0.000000,0.000000,0.000000,0.000000,0.000000,0.000000,0.000000
1463752088.391920,1497.400000,21.000000,153.000000,135.400000,143.000000,1.330000,10.770000,0.000000,0.000000,1990.000000,408.571429,75.100000,129.200000,3.706000,0.000000,404.220000,88.000000,0.000000,0.000000,0.000000,0.000000,0.000000,0.000000,0.000000,0.000000,0.000000,0.000000,0.000000,0.000000
1463752091.335660,1508.200000,20.000000,153.000000,136.380000,140.000000,1.360000,10.850000,0.000000,0.000000,1970.000000,420.000000,79.500000,139.200000,3.679000,0.000000,407.140000,88.000000,0.000000,0.000000,0.000000,0.000000,0.000000,0.000000,0.000000,0.000000,0.000000,0.000000,0.000000,0.000000
1463752094.271890,1519.200000,20.000000,154.000000,135.050000,144.000000,1.390000,10.920000,0.000000,0.000000,1990.000000,432.000000,76.700000,135.200000,3.716000,0.000000,410.100000,89.000000,0.000000,0.000000,0.000000,0.000000,0.000000,0.000000,0.000000,0.000000,0.000000,0.000000,0.000000,0.000000
1463752097.241960,1530.000000,21.000000,154.000000,135.130000,143.000000,1.330000,10.840000,0.000000,0.000000,2000.000000,408.571429,77.200000,133.000000,3.713000,0.000000,413.030000,90.000000,0.000000,0.000000,0.000000,0.000000,0.000000,0.000000,0.000000,0.000000,0.000000,0.000000,0.000000,0.000000
1463752100.123130,1540.900000,20.000000,153.000000,135.780000,141.000000,1.390000,10.970000,0.000000,0.000000,1960.000000,423.000000,76.200000,127.500000,3.695000,0.000000,415.960000,90.000000,0.000000,0.000000,0.000000,0.000000,0.000000,0.000000,0.000000,0.000000,0.000000,0.000000,0.000000,0.000000
1463752102.911210,1551.300000,21.000000,153.000000,135.130000,143.000000,1.360000,10.760000,0.000000,0.000000,1960.000000,408.571429,80.300000,141.200000,3.713000,0.000000,418.720000,91.000000,0.000000,0.000000,0.000000,0.000000,0.000000,0.000000,0.000000,0.000000,0.000000,0.000000,0.000000,0.000000
1463752106.001910,1562.600000,21.000000,153.000000,134.350000,146.000000,1.360000,10.760000,0.000000,0.000000,2000.000000,417.142857,74.500000,127.900000,3.735000,0.000000,421.780000,92.000000,0.000000,0.000000,0.000000,0.000000,0.000000,0.000000,0.000000,0.000000,0.000000,0.000000,0.000000,0.000000
1463752108.911730,1573.300000,20.000000,153.000000,135.910000,141.000000,1.360000,10.910000,0.000000,0.000000,1980.000000,423.000000,74.100000,128.400000,3.692000,0.000000,424.710000,92.000000,0.000000,0.000000,0.000000,0.000000,0.000000,0.000000,0.000000,0.000000,0.000000,0.000000,0.000000,0.000000
1463752111.853270,1584.200000,20.000000,152.000000,136.450000,139.000000,1.360000,10.770000,0.000000,0.000000,1980.000000,417.000000,81.100000,142.000000,3.677000,0.000000,427.640000,93.000000,0.000000,0.000000,0.000000,0.000000,0.000000,0.000000,0.000000,0.000000,0.000000,0.000000,0.000000,0.000000
1463752114.611180,1594.600000,21.000000,152.000000,134.540000,145.000000,1.360000,10.910000,0.000000,0.000000,1980.000000,414.285714,77.700000,137.100000,3.730000,0.000000,430.420000,94.000000,0.000000,0.000000,0.000000,0.000000,0.000000,0.000000,0.000000,0.000000,0.000000,0.000000,0.000000,0.000000
1463752117.732440,1606.000000,21.000000,152.000000,135.120000,143.000000,1.360000,10.830000,0.000000,0.000000,2010.000000,408.571429,73.100000,125.600000,3.713000,0.000000,433.530000,94.000000,0.000000,0.000000,0.000000,0.000000,0.000000,0.000000,0.000000,0.000000,0.000000,0.000000,0.000000,0.000000
1463752120.461990,1616.200000,20.000000,152.000000,136.930000,138.000000,1.330000,10.840000,0.000000,0.000000,2010.000000,414.000000,75.800000,130.900000,3.664000,0.000000,436.300000,95.000000,0.000000,0.000000,0.000000,0.000000,0.000000,0.000000,0.000000,0.000000,0.000000,0.000000,0.000000,0.000000
1463752123.521530,1627.400000,21.000000,152.000000,136.230000,140.000000,1.360000,10.630000,0.000000,0.000000,1970.000000,400.000000,80.100000,143.600000,3.683000,0.000000,439.320000,95.000000,0.000000,0.000000,0.000000,0.000000,0.000000,0.000000,0.000000,0.000000,0.000000,0.000000,0.000000,0.000000
1463752126.401410,1638.000000,21.000000,152.000000,134.930000,144.000000,1.360000,10.840000,0.000000,0.000000,1970.000000,411.428571,76.800000,136.700000,3.719000,0.000000,442.160000,96.000000,0.000000,0.000000,0.000000,0.000000,0.000000,0.000000,0.000000,0.000000,0.000000,0.000000,0.000000,0.000000
1463752129.402200,1649.200000,20.000000,151.000000,135.320000,143.000000,1.330000,10.850000,0.000000,0.000000,2020.000000,429.000000,78.900000,135.800000,3.708000,0.000000,445.210000,97.000000,0.000000,0.000000,0.000000,0.000000,0.000000,0.000000,0.000000,0.000000,0.000000,0.000000,0.000000,0.000000
1463752132.341960,1660.200000,20.000000,152.000000,135.380000,143.000000,1.330000,10.920000,0.000000,0.000000,2020.000000,429.000000,79.300000,137.700000,3.706000,0.000000,448.160000,97.000000,0.000000,0.000000,0.000000,0.000000,0.000000,0.000000,0.000000,0.000000,0.000000,0.000000,0.000000,0.000000
1463752135.221990,1670.800000,20.000000,151.000000,135.720000,142.000000,1.360000,10.970000,0.000000,0.000000,1910.000000,426.000000,74.800000,131.400000,3.697000,0.000000,451.040000,98.000000,0.000000,0.000000,0.000000,0.000000,0.000000,0.000000,0.000000,0.000000,0.000000,0.000000,0.000000,0.000000
1463752138.101690,1681.400000,21.000000,151.000000,136.140000,140.000000,1.360000,10.550000,0.000000,0.000000,1950.000000,400.000000,74.800000,130.300000,3.686000,0.000000,453.920000,99.000000,0.000000,0.000000,0.000000,0.000000,0.000000,0.000000,0.000000,0.000000,0.000000,0.000000,0.000000,0.000000
1463752141.011940,1692.100000,21.000000,151.000000,136.140000,140.000000,1.390000,10.760000,0.000000,0.000000,1930.000000,400.000000,74.500000,134.600000,3.686000,0.000000,456.820000,99.000000,0.000000,0.000000,0.000000,0.000000,0.000000,0.000000,0.000000,0.000000,0.000000,0.000000,0.000000,0.000000
1463752143.801180,1702.500000,21.000000,150.000000,135.800000,141.000000,1.360000,10.630000,0.000000,0.000000,1930.000000,402.857143,77.100000,138.600000,3.695000,0.000000,459.620000,100.000000,0.000000,0.000000,0.000000,0.000000,0.000000,0.000000,0.000000,0.000000,0.000000,0.000000,0.000000,0.000000
1463752146.801930,1713.700000,21.000000,150.000000,134.960000,144.000000,1.360000,10.770000,0.000000,0.000000,1940.000000,411.428571,79.600000,143.100000,3.718000,0.000000,462.610000,101.000000,0.000000,0.000000,0.000000,0.000000,0.000000,0.000000,0.000000,0.000000,0.000000,0.000000,0.000000,0.000000
1463752149.711790,1724.400000,21.000000,150.000000,134.430000,146.000000,1.330000,10.700000,0.000000,0.000000,1980.000000,417.142857,75.800000,129.000000,3.733000,0.000000,465.520000,101.000000,0.000000,0.000000,0.000000,0.000000,0.000000,0.000000,0.000000,0.000000,0.000000,0.000000,0.000000,0.000000
1463752152.651930,1735.100000,20.000000,150.000000,135.860000,141.000000,1.360000,10.850000,0.000000,0.000000,1950.000000,423.000000,76.100000,136.000000,3.693000,0.000000,468.420000,102.000000,0.000000,0.000000,0.000000,0.000000,0.000000,0.000000,0.000000,0.000000,0.000000,0.000000,0.000000,0.000000
1463752155.501290,1745.600000,21.000000,150.000000,136.110000,140.000000,1.360000,10.710000,0.000000,0.000000,1890.000000,400.000000,74.000000,130.600000,3.687000,0.000000,471.270000,102.000000,0.000000,0.000000,0.000000,0.000000,0.000000,0.000000,0.000000,0.000000,0.000000,0.000000,0.000000,0.000000
1463752158.351830,1756.300000,21.000000,150.000000,135.870000,141.000000,1.330000,10.420000,0.000000,0.000000,1960.000000,402.857143,77.900000,133.400000,3.693000,0.000000,474.160000,103.000000,0.000000,0.000000,0.000000,0.000000,0.000000,0.000000,0.000000,0.000000,0.000000,0.000000,0.000000,0.000000
1463752161.021270,1766.200000,20.000000,151.000000,135.730000,142.000000,1.390000,10.840000,0.000000,0.000000,1960.000000,426.000000,69.400000,127.100000,3.697000,0.000000,476.830000,104.000000,0.000000,0.000000,0.000000,0.000000,0.000000,0.000000,0.000000,0.000000,0.000000,0.000000,0.000000,0.000000
1463752164.021920,1777.100000,22.000000,150.000000,136.940000,138.000000,1.360000,10.200000,0.000000,0.000000,1900.000000,376.363636,71.900000,123.900000,3.664000,0.000000,479.830000,104.000000,0.000000,0.000000,0.000000,0.000000,0.000000,0.000000,0.000000,0.000000,0.000000,0.000000,0.000000,0.000000
1463752166.843000,1787.500000,21.000000,150.000000,136.940000,138.000000,1.360000,10.490000,0.000000,0.000000,1850.000000,394.285714,74.200000,132.300000,3.664000,0.000000,482.660000,105.000000,0.000000,0.000000,0.000000,0.000000,0.000000,0.000000,0.000000,0.000000,0.000000,0.000000,0.000000,0.000000
1463752169.571120,1797.700000,22.000000,150.000000,136.260000,140.000000,1.330000,10.270000,0.000000,0.000000,1850.000000,381.818182,75.700000,138.200000,3.682000,0.000000,485.390000,106.000000,0.000000,0.000000,0.000000,0.000000,0.000000,0.000000,0.000000,0.000000,0.000000,0.000000,0.000000,0.000000
1463752172.544990,1808.400000,21.000000,150.000000,136.140000,140.000000,1.330000,10.560000,0.000000,0.000000,1910.000000,400.000000,71.600000,120.100000,3.686000,0.000000,488.350000,106.000000,0.000000,0.000000,0.000000,0.000000,0.000000,0.000000,0.000000,0.000000,0.000000,0.000000,0.000000,0.000000
1463752175.241090,1818.400000,21.000000,149.000000,136.720000,138.000000,1.360000,10.490000,0.000000,0.000000,1910.000000,394.285714,80.100000,139.400000,3.670000,0.000000,491.010000,107.000000,0.000000,0.000000,0.000000,0.000000,0.000000,0.000000,0.000000,0.000000,0.000000,0.000000,0.000000,0.000000
1463752178.031050,1828.900000,22.000000,149.000000,134.420000,146.000000,1.360000,10.410000,0.000000,0.000000,1840.000000,398.181818,71.900000,131.800000,3.733000,0.000000,493.820000,107.000000,0.000000,0.000000,0.000000,0.000000,0.000000,0.000000,0.000000,0.000000,0.000000,0.000000,0.000000,0.000000
1463752181.001850,1839.900000,21.000000,149.000000,135.640000,142.000000,1.360000,10.410000,0.000000,0.000000,1930.000000,405.714286,73.300000,126.600000,3.699000,0.000000,496.830000,108.000000,0.000000,0.000000,0.000000,0.000000,0.000000,0.000000,0.000000,0.000000,0.000000,0.000000,0.000000,0.000000
1463752183.852180,1850.500000,21.000000,148.000000,135.730000,142.000000,1.360000,10.630000,0.000000,0.000000,1890.000000,405.714286,78.200000,134.800000,3.697000,0.000000,499.660000,109.000000,0.000000,0.000000,0.000000,0.000000,0.000000,0.000000,0.000000,0.000000,0.000000,0.000000,0.000000,0.000000
1463752186.734970,1861.200000,21.000000,148.000000,134.650000,145.000000,1.390000,10.610000,0.000000,0.000000,1910.000000,414.285714,74.300000,129.200000,3.726000,0.000000,502.540000,109.000000,0.000000,0.000000,0.000000,0.000000,0.000000,0.000000,0.000000,0.000000,0.000000,0.000000,0.000000,0.000000
1463752189.671080,1871.900000,21.000000,147.000000,135.400000,143.000000,1.330000,10.550000,0.000000,0.000000,1990.000000,408.571429,74.400000,131.400000,3.706000,0.000000,505.470000,110.000000,0.000000,0.000000,0.000000,0.000000,0.000000,0.000000,0.000000,0.000000,0.000000,0.000000,0.000000,0.000000
1463752192.641840,1882.600000,20.000000,147.000000,136.690000,139.000000,1.330000,10.780000,0.000000,0.000000,1960.000000,417.000000,75.200000,127.800000,3.671000,0.000000,508.380000,111.000000,0.000000,0.000000,0.000000,0.000000,0.000000,0.000000,0.000000,0.000000,0.000000,0.000000,0.000000,0.000000
1463752195.461860,1893.300000,20.000000,148.000000,136.350000,140.000000,1.420000,10.850000,0.000000,0.000000,1900.000000,420.000000,75.400000,132.700000,3.680000,0.000000,511.260000,111.000000,0.000000,0.000000,0.000000,0.000000,0.000000,0.000000,0.000000,0.000000,0.000000,0.000000,0.000000,0.000000
1463752198.371830,1904.300000,21.000000,149.000000,134.810000,144.000000,1.390000,10.630000,0.000000,0.000000,1980.000000,411.428571,80.700000,143.400000,3.722000,0.000000,514.190000,112.000000,0.000000,0.000000,0.000000,0.000000,0.000000,0.000000,0.000000,0.000000,0.000000,0.000000,0.000000,0.000000
1463752201.401720,1915.400000,20.000000,149.000000,133.660000,148.000000,1.390000,11.050000,0.000000,0.000000,2040.000000,444.000000,72.400000,131.900000,3.754000,0.000000,517.210000,112.000000,0.000000,0.000000,0.000000,0.000000,0.000000,0.000000,0.000000,0.000000,0.000000,0.000000,0.000000,0.000000
1463752204.371070,1926.200000,20.000000,150.000000,136.410000,139.000000,1.360000,11.040000,0.000000,0.000000,1970.000000,417.000000,75.600000,130.500000,3.678000,0.000000,520.140000,113.000000,0.000000,0.000000,0.000000,0.000000,0.000000,0.000000,0.000000,0.000000,0.000000,0.000000,0.000000,0.000000
1463752207.341070,1937.300000,20.000000,151.000000,136.100000,140.000000,1.390000,10.830000,0.000000,0.000000,1980.000000,420.000000,78.800000,147.600000,3.687000,0.000000,523.110000,114.000000,0.000000,0.000000,0.000000,0.000000,0.000000,0.000000,0.000000,0.000000,0.000000,0.000000,0.000000,0.000000
1463752210.131250,1947.800000,20.000000,152.000000,134.890000,144.000000,1.390000,10.970000,0.000000,0.000000,1980.000000,432.000000,75.500000,137.100000,3.720000,0.000000,525.940000,114.000000,0.000000,0.000000,0.000000,0.000000,0.000000,0.000000,0.000000,0.000000,0.000000,0.000000,0.000000,0.000000
1463752213.192040,1959.100000,20.000000,152.000000,135.580000,142.000000,1.360000,10.900000,0.000000,0.000000,1990.000000,426.000000,74.800000,129.600000,3.701000,0.000000,529.010000,115.000000,0.000000,0.000000,0.000000,0.000000,0.000000,0.000000,0.000000,0.000000,0.000000,0.000000,0.000000,0.000000
1463752216.101040,1969.800000,20.000000,153.000000,136.180000,140.000000,1.360000,10.830000,0.000000,0.000000,1950.000000,420.000000,78.200000,128.000000,3.685000,0.000000,531.900000,116.000000,0.000000,0.000000,0.000000,0.000000,0.000000,0.000000,0.000000,0.000000,0.000000,0.000000,0.000000,0.000000
1463752219.011860,1980.600000,21.000000,153.000000,135.350000,143.000000,1.360000,10.760000,0.000000,0.000000,1970.000000,408.571429,76.500000,126.200000,3.707000,0.000000,534.820000,116.000000,0.000000,0.000000,0.000000,0.000000,0.000000,0.000000,0.000000,0.000000,0.000000,0.000000,0.000000,0.000000
1463752221.921850,1991.400000,21.000000,153.000000,135.360000,143.000000,1.360000,10.820000,0.000000,0.000000,1950.000000,408.571429,80.100000,142.200000,3.707000,0.000000,537.720000,117.000000,0.000000,0.000000,0.000000,0.000000,0.000000,0.000000,0.000000,0.000000,0.000000,0.000000,0.000000,0.000000
1463752224.204750,2000.000000,21.000000,154.000000,134.090000,147.000000,1.360000,10.820000,0.000000,0.000000,1950.000000,420.000000,80.100000,133.900000,3.742000,0.000000,539.940000,118.000000,0.000000,0.000000,0.000000,0.000000,0.000000,0.000000,0.000000,0.000000,0.000000,0.000000,0.000000,0.000000
